Parameter,Value
MSE,0.2564102564102564
MAE,0.2564102564102564
RMSE,0.5063696835418333
ACCURACY,0.7435897435897436
