Parameter,Value
MSE,0.3162393162393162
MAE,0.3162393162393162
RMSE,0.5623515948579823
ACCURACY,0.6837606837606838
